"Message",Low,"Starting .NET Native compilation"
"Message",Low,""
"Message",Low,""
"Message",Low,"Task ""Gatekeeper"""
"Message",Normal,"Launching 'C:\Program Files (x86)\Microsoft SDKs\UWPNuGetPackages\runtime.win10-arm64.microsoft.net.native.compiler\2.2.8-rel-28605-00\tools\ARM64\ilc\ilc.exe --gatekeeper @""D:\GitHub\DIN\DAM-DIN\08Layouts\08LayoutsE4\obj\ARM64\Debug\ilc\intermediate\gkargs.rsp""'"
"Message",Low,"Microsoft (R) .NET Native Gatekeeper Version 2.2.28605.00 "
"Message",Low,"Copyright (C) Microsoft Corporation.  All rights reserved. "
"Message",Low," "
"Message",Low,"ILCTelemetry: System.ArgumentException: Could not deserialize to TelemetrySession object"
"Message",Low,"Nombre del par�metro: serializedSession ---> System.Runtime.Serialization.SerializationException: Error al deserializar el objeto del tipo Microsoft.VisualStudio.Telemetry.TelemetrySessionSettings. Se esperaba el token '""', pero se encontr� 'I'. ---> System.Xml.XmlException: Se esperaba el token '""', pero se encontr� 'I'."
"Message",Low,"   en System.Xml.XmlExceptionHelper.ThrowXmlException(XmlDictionaryReader reader, String res, String arg1, String arg2, String arg3)"
"Message",Low,"   en System.Xml.XmlExceptionHelper.ThrowTokenExpected(XmlDictionaryReader reader, String expected, Char found)"
"Message",Low,"   en System.Runtime.Serialization.Json.XmlJsonReader.ReadServerTypeAttribute(Boolean consumedObjectChar)"
"Message",Low,"   en System.Runtime.Serialization.Json.XmlJsonReader.ReadAttributes()"
"Message",Low,"   en System.Runtime.Serialization.Json.XmlJsonReader.ReadNonExistentElementName(StringHandleConstStringType elementName)"
"Message",Low,"   en System.Runtime.Serialization.Json.XmlJsonReader.Read()"
"Message",Low,"   en System.Xml.XmlBaseReader.IsStartElement()"
"Message",Low,"   en System.Xml.XmlBaseReader.IsStartElement(XmlDictionaryString localName, XmlDictionaryString namespaceUri)"
"Message",Low,"   en System.Runtime.Serialization.XmlReaderDelegator.IsStartElement(XmlDictionaryString localname, XmlDictionaryString ns)"
"Message",Low,"   en System.Runtime.Serialization.XmlObjectSerializer.IsRootElement(XmlReaderDelegator reader, DataContract contract, XmlDictionaryString name, XmlDictionaryString ns)"
"Message",Low,"   en System.Runtime.Serialization.Json.DataContractJsonSerializer.InternalIsStartObject(XmlReaderDelegator reader)"
"Message",Low,"   en System.Runtime.Serialization.Json.DataContractJsonSerializer.InternalReadObject(XmlReaderDelegator xmlReader, Boolean verifyObjectName)"
"Message",Low,"   en System.Runtime.Serialization.XmlObjectSerializer.InternalReadObject(XmlReaderDelegator reader, Boolean verifyObjectName, DataContractResolver dataContractResolver)"
"Message",Low,"   en System.Runtime.Serialization.XmlObjectSerializer.ReadObjectHandleExceptions(XmlReaderDelegator reader, Boolean verifyObjectName, DataContractResolver dataContractResolver)"
"Message",Low,"   --- Fin del seguimiento de la pila de la excepci�n interna ---"
"Message",Low,"   en System.Runtime.Serialization.XmlObjectSerializer.ReadObjectHandleExceptions(XmlReaderDelegator reader, Boolean verifyObjectName, DataContractResolver dataContractResolver)"
"Message",Low,"   en System.Runtime.Serialization.Json.DataContractJsonSerializer.ReadObject(XmlDictionaryReader reader)"
"Message",Low,"   en System.Runtime.Serialization.Json.DataContractJsonSerializer.ReadObject(Stream stream)"
"Message",Low,"   en Microsoft.VisualStudio.Telemetry.TelemetrySessionSettings.Deserialize(String settings)"
"Message",Low,"   en Microsoft.VisualStudio.Telemetry.TelemetrySessionSettings.Parse(String serializedSession)"
"Message",Low,"   --- Fin del seguimiento de la pila de la excepci�n interna ---"
"Message",Low,"   en Microsoft.VisualStudio.Telemetry.TelemetrySessionSettings.Parse(String serializedSession)"
"Message",Low,"   en ILCTelemetry.Program.ReadEvents()"
"Message",Low,"   en ILCTelemetry.Program.Main(String[] args)"
"Message",Low,"Checking assembly 'D:\GitHub\DIN\DAM-DIN\08Layouts\08LayoutsE4\obj\ARM64\Debug\ilc\in\08LayoutsE4.exe'. "
"Message",Normal,"'C:\Program Files (x86)\Microsoft SDKs\UWPNuGetPackages\runtime.win10-arm64.microsoft.net.native.compiler\2.2.8-rel-28605-00\tools\ARM64\ilc\ilc.exe --gatekeeper @""D:\GitHub\DIN\DAM-DIN\08Layouts\08LayoutsE4\obj\ARM64\Debug\ilc\intermediate\gkargs.rsp""' completed."
"Message",Normal,"Process execution statistics (all times in milliseconds)"
"Message",Normal,"-----------------------------------------------------------------------------"
"Message",Normal,"launch  |  start   |   stop   |   end    | duration | lifetime | [slot] name"
"Message",Normal,"-----------------------------------------------------------------------------"
"Message",Normal,"       0 |       15 |      328 |      328 |      313 |      328 | [0] Gatekeeper"
"Message",Normal,"Number of commands:      1"
"Message",Normal,"Total system time:       328 ms"
"Message",Normal,"System time per command: 328 ms"
"Message",Normal,"Total duration:          313 ms"
"Message",Normal,"Total lifetime:          328 ms"
"Message",Normal,"Requested DOP:           2"
"Message",Normal,"Duration DOP:            1,0"
"Message",Normal,"Lifetime DOP:            1,0"
"Message",Low,"Done executing task ""Gatekeeper""."
"Message",Low,"Done building target ""RunGatekeeper"" in file ""Preparation""."
"Message",Low,""
"Message",Low,"Done building target ""CreateToolchainGeneratedAssembly"" in file ""Preparation""."
"Message",Low,""
"Message",Low,"Task ""PreMergeAssemblyClosure"""
"Message",Low,"Done executing task ""PreMergeAssemblyClosure""."
"Message",Low,"Done building target ""ConstructPreMergeAssemblyClosure"" in file ""Preparation""."
"Message",Low,""
"Message",Low,"Task ""McgReferenceResolveFilePath"""
"Message",Low,"Done executing task ""McgReferenceResolveFilePath""."
"Message",Low,"Done building target ""PreResolveTransforms"" in file ""Preparation""."
"Message",Low,""
"Message",Low,"Task ""ResolveToolchainRequiredAssemblyRoots"""
"Message",Low,"Done executing task ""ResolveToolchainRequiredAssemblyRoots""."
"Message",Low,"Task ""ILTransformAssemblyClosure"""
"Message",Low,"Done executing task ""ILTransformAssemblyClosure""."
"Message",Low,"Task ""ResolveToolchainRequiredAssemblyRoots"""
"Message",Low,"Done executing task ""ResolveToolchainRequiredAssemblyRoots""."
"Message",Low,"Task ""ReducedCopyAssemblyClosure"""
"Message",Low,"Done executing task ""ReducedCopyAssemblyClosure""."
"Message",Low,"Done building target ""ConstructILTransformAssemblyClosure"" in file ""Preparation""."
"Message",Low,"Done building project ""Preparation""."
"Message",Low,""
"Message",Low,""
"Message",High,"Processing application code"
"Message",Low,"Task ""RunILTransforms"""
"Message",Normal,"Running 'DumpNativeResources' transform, heap at 30 MB."
"Message",Normal,"Running 'Analysis' transform, heap at 33 MB."
"Message",Low,"Loading 45 modules..."
"Message",Normal,"Imported reflection directives from 7 files:"
"Message",Normal,"D:\GitHub\DIN\DAM-DIN\08Layouts\08LayoutsE4\obj\ARM64\Debug\ilc\in\Properties\Default.rd.xml"
"Message",Normal,"Embedded manifest in System.Private.Interop: Resources.System.Private.Interop.rd.xml"
"Message",Normal,"Embedded manifest in System.Private.WinRTInterop.CoreLib: Resources.System.Private.WinRTInterop.CoreLib.rd.xml"
"Message",Normal,"Embedded manifest in System.Runtime.WindowsRuntime.UI.Xaml: Resources.System.Runtime.WindowsRuntime.UI.Xaml.rd.xml"
"Message",Normal,"Embedded manifest in System.Private.CoreLib: Resources.System.Private.CoreLib.rd.xml"
"Message",Normal,"Embedded manifest in System.Private.Uri: Resources.System.Private.Uri.rd.xml"
"Message",Normal,"Embedded manifest in System.Private.Reflection.Core: System.Private.Reflection.Core.rd.xml"
"Message",Normal,"Imported XAML Roots from 1 files:"
"Message",Normal,"D:\GitHub\DIN\DAM-DIN\08Layouts\08LayoutsE4\obj\ARM64\Debug\ilc\in\08LayoutsE4.xr.xml"
"Message",Normal,"Running 'Mcg' transform, heap at 163 MB."
"Message",High,"Computing application closure and generating interop code"
"Message",High,"  Loading 45 modules..."
"Message",Normal,"          P/Invoke 'RhpGetFuncEvalParameterBufferSize' with [DllImport(ExactSpelling=true)] resolved to '[MRT]!RhpGetFuncEvalParameterBufferSize'."
"Message",Normal,"          P/Invoke 'RhpGetFuncEvalMode' with [DllImport(ExactSpelling=true)] resolved to '[MRT]!RhpGetFuncEvalMode'."
"Message",Normal,"          P/Invoke 'RhpRecordDebuggeeInitiatedHandle' with [DllImport(ExactSpelling=true)] resolved to '[MRT]!RhpRecordDebuggeeInitiatedHandle'."
"Message",Normal,"          P/Invoke 'RhpVerifyDebuggerCleanup' with [DllImport(ExactSpelling=true)] resolved to '[MRT]!RhpVerifyDebuggerCleanup'."
"Message",Normal,"          P/Invoke 'RhpGetCurrentThread' with [DllImport(ExactSpelling=true)] resolved to '[MRT]!RhpGetCurrentThread'."
"Message",Normal,"          P/Invoke 'RhWaitForPendingFinalizers' with [DllImport(ExactSpelling=true)] resolved to '[MRT]!RhWaitForPendingFinalizers'."
"Message",Normal,"          P/Invoke 'RhYield' with [DllImport(ExactSpelling=true)] resolved to '[MRT]!RhYield'."
"Message",Normal,"          P/Invoke 'RhFlushProcessWriteBuffers' with [DllImport(ExactSpelling=true)] resolved to '[MRT]!RhFlushProcessWriteBuffers'."
"Message",Normal,"          P/Invoke 'RhCompatibleReentrantWaitAny' with [DllImport(ExactSpelling=true)] resolved to '[MRT]!RhCompatibleReentrantWaitAny'."
"Message",Normal,"          P/Invoke 'RhCallDescrWorker' with [DllImport(ExactSpelling=true)] resolved to '[MRT]!RhCallDescrWorker'."
"Message",Normal,"          P/Invoke '_ecvt_s' with [DllImport(ExactSpelling=true)] resolved to '[MRT]!_ecvt_s'."
"Message",Normal,"          P/Invoke 'memmove' with [DllImport(ExactSpelling=true)] resolved to '[MRT]!memmove'."
"Message",Normal,"          P/Invoke 'memset' with [DllImport(ExactSpelling=true)] resolved to '[MRT]!memset'."
"Message",Normal,"          P/Invoke 'CallingConventionConverter_GetStubs' with [DllImport(ExactSpelling=true)] resolved to '*!CallingConventionConverter_GetStubs'."
"Message",Normal,"          P/Invoke 'WindowsCreateStringReference' resolved to 'WindowsCreateStringReference!api-ms-win-core-winrt-string-l1-1-0.dll' from 'SupportedAPIs.xml'."
"Message",Normal,"          P/Invoke 'GetLastError' resolved to 'GetLastError!api-ms-win-core-errorhandling-l1-1-0.dll' from 'SupportedAPIs.xml'."
"Message",Normal,"          P/Invoke 'SetLastError' resolved to 'SetLastError!api-ms-win-core-errorhandling-l1-1-0.dll' from 'SupportedAPIs.xml'."
"Message",Normal,"          P/Invoke 'RoInitialize' resolved to 'RoInitialize!api-ms-win-core-winrt-l1-1-0.dll' from 'SupportedAPIs.xml'."
"Message",Normal,"          P/Invoke 'IsValidLocaleName' resolved to 'IsValidLocaleName!api-ms-win-core-localization-l1-2-0.dll' from 'SupportedAPIs.xml'."
"Message",Normal,"          P/Invoke 'ResolveLocaleName' resolved to 'ResolveLocaleName!api-ms-win-core-localization-l1-2-0.dll' from 'SupportedAPIs.xml'."
"Message",Normal,"          P/Invoke 'GetCPInfoExW' resolved to 'GetCPInfoExW!kernel32.dll' from 'SupportedAPIs.xml'."
"Message",Normal,"          P/Invoke 'CoCreateInstance' resolved to 'CoCreateInstance!api-ms-win-core-com-l1-1-0.dll' from 'SupportedAPIs.xml'."
"Message",Normal,"          P/Invoke 'SysFreeString' resolved to 'SysFreeString!OleAut32' from 'SupportedAPIs.xml'."
"Message",Normal,"          P/Invoke 'RoGetBufferMarshaler' resolved to 'RoGetBufferMarshaler!api-ms-win-core-winrt-robuffer-l1-1-0.dll' from 'SupportedAPIs.xml'."
"Message",High,"  Generating code..."
"Message",High,"  Interop code generated."
"Message",Normal,"  Written code to AssemblyInfo.g.cs"
"Message",Normal,"  Written code to Adapters.g.cs"
"Message",Normal,"  Written code to Data.g.cs"
"Message",Normal,"  Written code to Helpers.g.cs"
"Message",Normal,"  Written code to ImplTypes.g.cs"
"Message",Normal,"  Written code to PInvoke.g.cs"
"Message",Normal,"  Written code to SafeTypes.g.cs"
"Message",Normal,"  Written code to SharedStubs.g.cs"
"Message",Normal,"Running 'GenerateCodeAndCompile' transform, heap at 141 MB."
"Message",High,"Compiling interop code"
"Message",Normal,"Compiling generated source code: C:\Program Files (x86)\Microsoft SDKs\UWPNuGetPackages\microsoft.net.native.compiler\2.2.8-rel-28605-00\tools\csc\csc.exe /noconfig @""D:\GitHub\DIN\DAM-DIN\08Layouts\08LayoutsE4\obj\ARM64\Debug\ilc\intermediate\08LayoutsE4.McgInterop.rsp"""
"Message",High,"Generating System.Reflection.DispatchProxy proxy code."
"Message",Normal,"Running 'ReducedCopyInitialize' transform, heap at 141 MB."
"Message",Normal,"Running 'ReducedCopyEmptyTypes' transform, heap at 156 MB."
"Message",Normal,"Running 'ReducedCopyPopulateTypes' transform, heap at 158 MB."
"Message",Normal,"Running 'ReducedCopyLateMetadata' transform, heap at 166 MB."
"Message",Normal,"Running 'ReducedCopyPassResourcesToMutableAssembly' transform, heap at 176 MB."
"Message",Normal,"Running 'ReducedCopyMethodBodies' transform, heap at 176 MB."
"Message",Normal,"Running 'ReducedCopyComplete' transform, heap at 188 MB."
"Message",Normal,"Running 'ReducedCopyCleanup' transform, heap at 185 MB."
"Message",Normal,"Running 'ComImportDetector' transform, heap at 185 MB."
"Message",Normal,"Running 'McgAccessor' transform, heap at 185 MB."
"Message",Normal,"Running 'McgRedirect' transform, heap at 186 MB."
"Message",Normal,"Running 'McgRedirect' transform, heap at 187 MB."
"Message",Normal,"Running 'McgTypeOf' transform, heap at 187 MB."
"Message",Normal,"Running 'EventSource' transform, heap at 189 MB."
"Message",Normal,"Running 'ValueType' transform, heap at 190 MB."
"Message",Normal,"Running 'Attribute' transform, heap at 190 MB."
"Message",Normal,"Running 'GetType' transform, heap at 190 MB."
"Message",Normal,"Running 'McgFixups' transform, heap at 190 MB."
"Message",Normal,"Running 'ResourceManagerCtor' transform, heap at 191 MB."
"Message",Normal,"Running 'TypeofTypeHandle' transform, heap at 191 MB."
"Message",Normal,"Running 'DispatchProxyIntrinsics' transform, heap at 194 MB."
"Message",Normal,"Running 'StaticInitData' transform, heap at 194 MB."
"Message",Normal,"Running 'Delegate' transform, heap at 199 MB."
"Message",Normal,"Running 'LazyGenerics' transform, heap at 200 MB."
"Message",Normal,"Running 'AddReflectionBlockedAttributes' transform, heap at 204 MB."
"Message",Normal,"Running 'DisableOptimization' transform, heap at 205 MB."
"Message",Normal,"Running 'ResourceExtractor' transform, heap at 205 MB."
"Message",Normal,"Running 'CreateMetadata' transform, heap at 205 MB."
"Message",Normal,"Running 'StartupCodeInjector' transform, heap at 211 MB."
"Message",Normal,"Running 'SaveRVAStatics' transform, heap at 211 MB."
"Message",Normal,"Running 'ReflectionInvoke' transform, heap at 212 MB."
"Message",Normal,"Running 'ScrubOpenCalls' transform, heap at 212 MB."
"Message",Normal,"Running 'ConvertCatchIntoFilter' transform, heap at 212 MB."
"Message",Normal,"Running 'ReflectionMappingInfoEmit' transform, heap at 212 MB."
"Message",Normal,"Running 'ReflectionIntrinsics' transform, heap at 212 MB."
"Message",Normal,"Running 'ConvertManagedWinMD' transform, heap at 213 MB."
"Message",Normal,"Running 'DebuggerGuidedStepThroughJmc' transform, heap at 213 MB."
"Message",Normal,"Running 'Reducer' transform, heap at 214 MB."
"Message",High,"Cleaning up unreferenced code"
"Message",Normal,"Running 'WriteAssemblies' transform, heap at 201 MB."
"Message",Normal,""
"Message",Normal,"Transform summary"
"Message",Normal,"    ms | heap delta | name"
"Message",Normal,"  6097 |        130 | Analysis"
"Message",Normal,"  2284 |          0 | GenerateCodeAndCompile"
"Message",Normal,"   799 |        -22 | Mcg"
"Message",Normal,"   797 |         20 | WriteAssemblies"
"Message",Normal,"   457 |         -3 | ReducedCopyComplete"
"Message",Normal,"   418 |         15 | ReducedCopyInitialize"
"Message",Normal,"   390 |          3 | DumpNativeResources"
"Message",Normal,"   355 |        -13 | Reducer"
"Message",Normal,"    71 |         12 | ReducedCopyMethodBodies"
"Message",Normal,"    65 |          8 | ReducedCopyPopulateTypes"
"Message",Normal,"    62 |         10 | ReducedCopyLateMetadata"
"Message",Normal,"    61 |          6 | CreateMetadata"
"Message",Normal,"    29 |          1 | McgRedirect"
"Message",Normal,"    27 |          4 | LazyGenerics"
"Message",Normal,"    27 |          2 | McgTypeOf"
"Message",Normal,"    23 |          5 | StaticInitData"
"Message",Normal,"    22 |          3 | TypeofTypeHandle"
"Message",Normal,"    16 |          0 | McgRedirect"
"Message",Normal,"    11 |          1 | SaveRVAStatics"
"Message",Normal,"     8 |          1 | McgFixups"
"Message",Normal,"     7 |          1 | DebuggerGuidedStepThroughJmc"
"Message",Normal,"     6 |          2 | ReducedCopyEmptyTypes"
"Message",Normal,"     5 |          0 | GetType"
"Message",Normal,"     4 |          0 | DispatchProxyIntrinsics"
"Message",Normal,"     2 |          1 | McgAccessor"
"Message",Normal,"     2 |          1 | ReflectionIntrinsics"
"Message",Normal,"     2 |          1 | Delegate"
"Message",Normal,"     2 |          0 | ReducedCopyCleanup"
"Message",Normal,"     2 |          0 | ScrubOpenCalls"
"Message",Normal,"     1 |          0 | ReflectionMappingInfoEmit"
"Message",Normal,"     1 |          0 | ConvertCatchIntoFilter"
"Message",Normal,"     1 |          1 | EventSource"
"Message",Normal,"     0 |          0 | ResourceManagerCtor"
"Message",Normal,"     0 |          0 | ReducedCopyPassResourcesToMutableAssembly"
"Message",Normal,"     0 |          0 | ReflectionInvoke"
"Message",Normal,"     0 |          0 | ResourceExtractor"
"Message",Normal,"     0 |          0 | DisableOptimization"
"Message",Normal,"     0 |          1 | AddReflectionBlockedAttributes"
"Message",Normal,"     0 |          0 | ComImportDetector"
"Message",Normal,"     0 |          0 | ConvertManagedWinMD"
"Message",Normal,"     0 |          0 | ValueType"
"Message",Normal,"     0 |          0 | Attribute"
"Message",Normal,"     0 |          0 | StartupCodeInjector"
"Message",Low,"Done executing task ""RunILTransforms""."
"Message",Low,"Done building target ""RunILTransforms"" in file ""ILTransforms""."
"Message",Low,"Done building project ""ILTransforms""."
"Message",Low,""
"Message",Low,""
"Message",Low,"Done building target ""GenerateMDIL"" in file ""Nutc""."
"Message",Low,""
"Message",High,"Generating native code"
"Message",Low,"Done building target ""MDILPrepareMultiFile"" in file ""Nutc""."
"Message",Low,""
"Message",Low,"Done building target ""SetBinaryForReferences"" in file ""Nutc""."
"Message",Low,""
"Message",Low,"Task ""GenerateMDILGlobalAnalysis"""
"Message",Normal,"Launching 'C:\Program Files (x86)\Microsoft SDKs\UWPNuGetPackages\runtime.win10-arm64.microsoft.net.native.compiler\2.2.8-rel-28605-00\tools\ARM64\ilc\Tools64\nutc_driver.exe @""D:\GitHub\DIN\DAM-DIN\08Layouts\08LayoutsE4\obj\ARM64\Debug\ilc\intermediate\MDIL\08LayoutsE4.rsp""'"
"Message",Low,"Assembly path: ILCompiler.Host.dll"
"Message",Low,"Managed type:  ILCompiler.ILCompilerHost"
"Message",Low,"Method name:   Initialize"
"Message",Low,"Arguments:     00007FFE43FC29F0"
"Message",Low,"Managed call succeeded, exit code: 00000000"
"Message",Low,"Scanning 546 methods."
"Message",Low,"Scanning 1988 methods."
"Message",Low,"Scanning 865 methods."
"Message",Low,"Scanning 251 methods."
"Message",Low,"Scanning 224 methods."
"Message",Low,"Scanning 147 methods."
"Message",Low,"Scanning 99 methods."
"Message",Low,"Scanning 164 methods."
"Message",Low,"Scanning 187 methods."
"Message",Low,"Scanning 89 methods."
"Message",Low,"Scanning 15 methods."
"Message",Low,"Scanning 8 methods."
"Message",Low,"Scanning 2 methods."
"Message",Low,"Scanning 6 methods."
"Message",Low,"Scanning 20 methods."
"Message",Low,"Scanning 4 methods."
"Message",Low,"Scanning 2 methods."
"Message",Low,"Scanning 5 methods."
"Message",Low,"Compiling 4622 methods."
"Message",Low,"Emitting Object File"
"Message",Low,"Successfully generated 'D:\GitHub\DIN\DAM-DIN\08Layouts\08LayoutsE4\obj\ARM64\Debug\ilc\intermediate\MDIL\08LayoutsE4.obj'"
"Message",Low,"Microsoft (R) MDIL Compiler - Version 2.2.28605.00"
"Message",Low,"Copyright (c) Microsoft Corporation.  All rights reserved."
"Message",Normal,"'C:\Program Files (x86)\Microsoft SDKs\UWPNuGetPackages\runtime.win10-arm64.microsoft.net.native.compiler\2.2.8-rel-28605-00\tools\ARM64\ilc\Tools64\nutc_driver.exe @""D:\GitHub\DIN\DAM-DIN\08Layouts\08LayoutsE4\obj\ARM64\Debug\ilc\intermediate\MDIL\08LayoutsE4.rsp""' completed."
"Message",Normal,"Process execution statistics (all times in milliseconds)"
"Message",Normal,"-----------------------------------------------------------------------------"
"Message",Normal,"launch  |  start   |   stop   |   end    | duration | lifetime | [slot] name"
"Message",Normal,"-----------------------------------------------------------------------------"
"Message",Normal,"       0 |       15 |     9437 |     9437 |     9422 |     9437 | [0] Nutc GlobalAnalysis"
"Message",Normal,"Number of commands:      1"
"Message",Normal,"Total system time:       9437 ms"
"Message",Normal,"System time per command: 9437 ms"
"Message",Normal,"Total duration:          9422 ms"
"Message",Normal,"Total lifetime:          9437 ms"
"Message",Normal,"Requested DOP:           2"
"Message",Normal,"Duration DOP:            1,0"
"Message",Normal,"Lifetime DOP:            1,0"
"Message",Low,"Done executing task ""GenerateMDILGlobalAnalysis""."
"Message",Low,"Done building target ""GenerateMDILGlobalAnalysis"" in file ""Nutc""."
"Message",Low,""
"Message",Low,"Task ""rc"""
"Message",Normal,"Launching 'C:\Program Files (x86)\Windows Kits\10\bin\10.0.18362.0\x64\rc.exe /c ""65001"" /r /fo ""D:\GitHub\DIN\DAM-DIN\08Layouts\08LayoutsE4\obj\ARM64\Debug\ilc\intermediate\BuildInfo\BuildInfo.res"" ""D:\GitHub\DIN\DAM-DIN\08Layouts\08LayoutsE4\obj\ARM64\Debug\ilc\intermediate\BuildInfo\BuildInfo.rc""'"
"Message",Low,"Microsoft (R) Windows (R) Resource Compiler Version 10.0.10011.16384"
"Message",Low,"Copyright (C) Microsoft Corporation.  All rights reserved."
"Message",Normal,"'C:\Program Files (x86)\Windows Kits\10\bin\10.0.18362.0\x64\rc.exe /c ""65001"" /r /fo ""D:\GitHub\DIN\DAM-DIN\08Layouts\08LayoutsE4\obj\ARM64\Debug\ilc\intermediate\BuildInfo\BuildInfo.res"" ""D:\GitHub\DIN\DAM-DIN\08Layouts\08LayoutsE4\obj\ARM64\Debug\ilc\intermediate\BuildInfo\BuildInfo.rc""' completed."
"Message",Normal,"Process execution statistics (all times in milliseconds)"
"Message",Normal,"-----------------------------------------------------------------------------"
"Message",Normal,"launch  |  start   |   stop   |   end    | duration | lifetime | [slot] name"
"Message",Normal,"-----------------------------------------------------------------------------"
"Message",Normal,"       0 |       16 |       94 |       94 |       78 |       94 | [0] rc"
"Message",Normal,"Number of commands:      1"
"Message",Normal,"Total system time:       94 ms"
"Message",Normal,"System time per command: 94 ms"
"Message",Normal,"Total duration:          78 ms"
"Message",Normal,"Total lifetime:          94 ms"
"Message",Normal,"Requested DOP:           2"
"Message",Normal,"Duration DOP:            0,8"
"Message",Normal,"Lifetime DOP:            1,0"
"Message",Low,"Done executing task ""rc""."
"Message",Low,"Task ""ResourceBinaryConcatenate"""
"Message",Normal,"Concatenating into 'D:\GitHub\DIN\DAM-DIN\08Layouts\08LayoutsE4\obj\ARM64\Debug\ilc\intermediate\Native.res' with alignment '4'."
"Message",Normal," Added 'D:\GitHub\DIN\DAM-DIN\08Layouts\08LayoutsE4\obj\ARM64\Debug\ilc\intermediate\ILTransformed\08LayoutsE4.res' at offset 0."
"Message",Normal," Added 'D:\GitHub\DIN\DAM-DIN\08Layouts\08LayoutsE4\obj\ARM64\Debug\ilc\intermediate\BuildInfo\BuildInfo.res' at offset 1400."
"Message",Low,"Done executing task ""ResourceBinaryConcatenate""."
"Message",Low,"Done building target ""GenerateBuildInfo"" in file ""Nutc""."
"Message",Low,"Done building project ""Nutc""."
"Message",Low,""
"Message",Low,""
"Message",Low,"Task ""Lib"""
"Message",Normal,"Launching 'C:\Program Files (x86)\Microsoft SDKs\UWPNuGetPackages\runtime.win10-arm64.microsoft.net.native.compiler\2.2.8-rel-28605-00\tools\ARM64\ilc\tools\link\link.exe /LIB /MACHINE:arm64 /DEF:""D:\GitHub\DIN\DAM-DIN\08Layouts\08LayoutsE4\obj\ARM64\Debug\ilc\intermediate\MDIL\api-ms-win-core-com-l1-1-0.def"" /OUT:""D:\GitHub\DIN\DAM-DIN\08Layouts\08LayoutsE4\obj\ARM64\Debug\ilc\intermediate\MDIL\api-ms-win-core-com-l1-1-0.lib""'"
"Message",Normal,"Launching 'C:\Program Files (x86)\Microsoft SDKs\UWPNuGetPackages\runtime.win10-arm64.microsoft.net.native.compiler\2.2.8-rel-28605-00\tools\ARM64\ilc\tools\link\link.exe /LIB /MACHINE:arm64 /DEF:""D:\GitHub\DIN\DAM-DIN\08Layouts\08LayoutsE4\obj\ARM64\Debug\ilc\intermediate\MDIL\api-ms-win-core-localization-l1-2-0.def"" /OUT:""D:\GitHub\DIN\DAM-DIN\08Layouts\08LayoutsE4\obj\ARM64\Debug\ilc\intermediate\MDIL\api-ms-win-core-localization-l1-2-0.lib""'"
"Message",Low,"Microsoft (R) Library Manager Version 14.15.26727.0__Copyright (C) Microsoft Corporation.  All rights reserved.____   Creating library D:\GitHub\DIN\DAM-DIN\08Layouts\08LayoutsE4\obj\ARM64\Debug\ilc\intermediate\MDIL\api-ms-win-core-com-l1-1-0.lib and object D:\GitHub\DIN\DAM-DIN\08Layouts\08LayoutsE4\obj\ARM64\Debug\ilc\intermediate\MDIL\api-ms-win-core-com-l1-1-0.exp__"
"Message",Normal,"'C:\Program Files (x86)\Microsoft SDKs\UWPNuGetPackages\runtime.win10-arm64.microsoft.net.native.compiler\2.2.8-rel-28605-00\tools\ARM64\ilc\tools\link\link.exe /LIB /MACHINE:arm64 /DEF:""D:\GitHub\DIN\DAM-DIN\08Layouts\08LayoutsE4\obj\ARM64\Debug\ilc\intermediate\MDIL\api-ms-win-core-com-l1-1-0.def"" /OUT:""D:\GitHub\DIN\DAM-DIN\08Layouts\08LayoutsE4\obj\ARM64\Debug\ilc\intermediate\MDIL\api-ms-win-core-com-l1-1-0.lib""' completed."
"Message",Normal,"Launching 'C:\Program Files (x86)\Microsoft SDKs\UWPNuGetPackages\runtime.win10-arm64.microsoft.net.native.compiler\2.2.8-rel-28605-00\tools\ARM64\ilc\tools\link\link.exe /LIB /MACHINE:arm64 /DEF:""D:\GitHub\DIN\DAM-DIN\08Layouts\08LayoutsE4\obj\ARM64\Debug\ilc\intermediate\MDIL\api-ms-win-core-winrt-l1-1-0.def"" /OUT:""D:\GitHub\DIN\DAM-DIN\08Layouts\08LayoutsE4\obj\ARM64\Debug\ilc\intermediate\MDIL\api-ms-win-core-winrt-l1-1-0.lib""'"
"Message",Low,"Microsoft (R) Library Manager Version 14.15.26727.0__Copyright (C) Microsoft Corporation.  All rights reserved.____   Creating library D:\GitHub\DIN\DAM-DIN\08Layouts\08LayoutsE4\obj\ARM64\Debug\ilc\intermediate\MDIL\api-ms-win-core-localization-l1-2-0.lib and object D:\GitHub\DIN\DAM-DIN\08Layouts\08LayoutsE4\obj\ARM64\Debug\ilc\intermediate\MDIL\api-ms-win-core-localization-l1-2-0.exp__"
"Message",Normal,"'C:\Program Files (x86)\Microsoft SDKs\UWPNuGetPackages\runtime.win10-arm64.microsoft.net.native.compiler\2.2.8-rel-28605-00\tools\ARM64\ilc\tools\link\link.exe /LIB /MACHINE:arm64 /DEF:""D:\GitHub\DIN\DAM-DIN\08Layouts\08LayoutsE4\obj\ARM64\Debug\ilc\intermediate\MDIL\api-ms-win-core-localization-l1-2-0.def"" /OUT:""D:\GitHub\DIN\DAM-DIN\08Layouts\08LayoutsE4\obj\ARM64\Debug\ilc\intermediate\MDIL\api-ms-win-core-localization-l1-2-0.lib""' completed."
"Message",Normal,"Launching 'C:\Program Files (x86)\Microsoft SDKs\UWPNuGetPackages\runtime.win10-arm64.microsoft.net.native.compiler\2.2.8-rel-28605-00\tools\ARM64\ilc\tools\link\link.exe /LIB /MACHINE:arm64 /DEF:""D:\GitHub\DIN\DAM-DIN\08Layouts\08LayoutsE4\obj\ARM64\Debug\ilc\intermediate\MDIL\api-ms-win-core-winrt-robuffer-l1-1-0.def"" /OUT:""D:\GitHub\DIN\DAM-DIN\08Layouts\08LayoutsE4\obj\ARM64\Debug\ilc\intermediate\MDIL\api-ms-win-core-winrt-robuffer-l1-1-0.lib""'"
"Message",Low,"Microsoft (R) Library Manager Version 14.15.26727.0__Copyright (C) Microsoft Corporation.  All rights reserved.____   Creating library D:\GitHub\DIN\DAM-DIN\08Layouts\08LayoutsE4\obj\ARM64\Debug\ilc\intermediate\MDIL\api-ms-win-core-winrt-l1-1-0.lib and object D:\GitHub\DIN\DAM-DIN\08Layouts\08LayoutsE4\obj\ARM64\Debug\ilc\intermediate\MDIL\api-ms-win-core-winrt-l1-1-0.exp__"
"Message",Normal,"'C:\Program Files (x86)\Microsoft SDKs\UWPNuGetPackages\runtime.win10-arm64.microsoft.net.native.compiler\2.2.8-rel-28605-00\tools\ARM64\ilc\tools\link\link.exe /LIB /MACHINE:arm64 /DEF:""D:\GitHub\DIN\DAM-DIN\08Layouts\08LayoutsE4\obj\ARM64\Debug\ilc\intermediate\MDIL\api-ms-win-core-winrt-l1-1-0.def"" /OUT:""D:\GitHub\DIN\DAM-DIN\08Layouts\08LayoutsE4\obj\ARM64\Debug\ilc\intermediate\MDIL\api-ms-win-core-winrt-l1-1-0.lib""' completed."
"Message",Normal,"Launching 'C:\Program Files (x86)\Microsoft SDKs\UWPNuGetPackages\runtime.win10-arm64.microsoft.net.native.compiler\2.2.8-rel-28605-00\tools\ARM64\ilc\tools\link\link.exe /LIB /MACHINE:arm64 /DEF:""D:\GitHub\DIN\DAM-DIN\08Layouts\08LayoutsE4\obj\ARM64\Debug\ilc\intermediate\MDIL\api-ms-win-core-winrt-string-l1-1-0.def"" /OUT:""D:\GitHub\DIN\DAM-DIN\08Layouts\08LayoutsE4\obj\ARM64\Debug\ilc\intermediate\MDIL\api-ms-win-core-winrt-string-l1-1-0.lib""'"
"Message",Low,"Microsoft (R) Library Manager Version 14.15.26727.0__Copyright (C) Microsoft Corporation.  All rights reserved.____   Creating library D:\GitHub\DIN\DAM-DIN\08Layouts\08LayoutsE4\obj\ARM64\Debug\ilc\intermediate\MDIL\api-ms-win-core-winrt-robuffer-l1-1-0.lib and object D:\GitHub\DIN\DAM-DIN\08Layouts\08LayoutsE4\obj\ARM64\Debug\ilc\intermediate\MDIL\api-ms-win-core-winrt-robuffer-l1-1-0.exp__"
"Message",Normal,"'C:\Program Files (x86)\Microsoft SDKs\UWPNuGetPackages\runtime.win10-arm64.microsoft.net.native.compiler\2.2.8-rel-28605-00\tools\ARM64\ilc\tools\link\link.exe /LIB /MACHINE:arm64 /DEF:""D:\GitHub\DIN\DAM-DIN\08Layouts\08LayoutsE4\obj\ARM64\Debug\ilc\intermediate\MDIL\api-ms-win-core-winrt-robuffer-l1-1-0.def"" /OUT:""D:\GitHub\DIN\DAM-DIN\08Layouts\08LayoutsE4\obj\ARM64\Debug\ilc\intermediate\MDIL\api-ms-win-core-winrt-robuffer-l1-1-0.lib""' completed."
"Message",Normal,"Launching 'C:\Program Files (x86)\Microsoft SDKs\UWPNuGetPackages\runtime.win10-arm64.microsoft.net.native.compiler\2.2.8-rel-28605-00\tools\ARM64\ilc\tools\link\link.exe /LIB /MACHINE:arm64 /DEF:""D:\GitHub\DIN\DAM-DIN\08Layouts\08LayoutsE4\obj\ARM64\Debug\ilc\intermediate\MDIL\OleAut32.def"" /OUT:""D:\GitHub\DIN\DAM-DIN\08Layouts\08LayoutsE4\obj\ARM64\Debug\ilc\intermediate\MDIL\OleAut32.lib""'"
"Message",Low,"Microsoft (R) Library Manager Version 14.15.26727.0__Copyright (C) Microsoft Corporation.  All rights reserved.____   Creating library D:\GitHub\DIN\DAM-DIN\08Layouts\08LayoutsE4\obj\ARM64\Debug\ilc\intermediate\MDIL\api-ms-win-core-winrt-string-l1-1-0.lib and object D:\GitHub\DIN\DAM-DIN\08Layouts\08LayoutsE4\obj\ARM64\Debug\ilc\intermediate\MDIL\api-ms-win-core-winrt-string-l1-1-0.exp__"
"Message",Normal,"'C:\Program Files (x86)\Microsoft SDKs\UWPNuGetPackages\runtime.win10-arm64.microsoft.net.native.compiler\2.2.8-rel-28605-00\tools\ARM64\ilc\tools\link\link.exe /LIB /MACHINE:arm64 /DEF:""D:\GitHub\DIN\DAM-DIN\08Layouts\08LayoutsE4\obj\ARM64\Debug\ilc\intermediate\MDIL\api-ms-win-core-winrt-string-l1-1-0.def"" /OUT:""D:\GitHub\DIN\DAM-DIN\08Layouts\08LayoutsE4\obj\ARM64\Debug\ilc\intermediate\MDIL\api-ms-win-core-winrt-string-l1-1-0.lib""' completed."
"Message",Low,"Microsoft (R) Library Manager Version 14.15.26727.0__Copyright (C) Microsoft Corporation.  All rights reserved.____   Creating library D:\GitHub\DIN\DAM-DIN\08Layouts\08LayoutsE4\obj\ARM64\Debug\ilc\intermediate\MDIL\OleAut32.lib and object D:\GitHub\DIN\DAM-DIN\08Layouts\08LayoutsE4\obj\ARM64\Debug\ilc\intermediate\MDIL\OleAut32.exp__"
"Message",Normal,"'C:\Program Files (x86)\Microsoft SDKs\UWPNuGetPackages\runtime.win10-arm64.microsoft.net.native.compiler\2.2.8-rel-28605-00\tools\ARM64\ilc\tools\link\link.exe /LIB /MACHINE:arm64 /DEF:""D:\GitHub\DIN\DAM-DIN\08Layouts\08LayoutsE4\obj\ARM64\Debug\ilc\intermediate\MDIL\OleAut32.def"" /OUT:""D:\GitHub\DIN\DAM-DIN\08Layouts\08LayoutsE4\obj\ARM64\Debug\ilc\intermediate\MDIL\OleAut32.lib""' completed."
"Message",Normal,"Process execution statistics (all times in milliseconds)"
"Message",Normal,"-----------------------------------------------------------------------------"
"Message",Normal,"launch  |  start   |   stop   |   end    | duration | lifetime | [slot] name"
"Message",Normal,"-----------------------------------------------------------------------------"
"Message",Normal,"       0 |       16 |      203 |      203 |      187 |      203 | [0] C:\Program Files (x86)\Microsoft SDKs\UWPNuGetPackages\runtime.win10-arm64.microsoft.net.native.compiler\2.2.8-rel-28605-00\tools\ARM64\ilc\tools\link\link.exe /LIB /MACHINE:arm64 /DEF:""D:\GitHub\DIN\DAM-DIN\08Layouts\08LayoutsE4\obj\ARM64\Debug\ilc\intermediate\MDIL\api-ms-win-core-com-l1-1-0.def"" /OUT:""D:\GitHub\DIN\DAM-DIN\08Layouts\08LayoutsE4\obj\ARM64\Debug\ilc\intermediate\MDIL\api-ms-win-core-com-l1-1-0.lib"""
"Message",Normal,"      16 |       16 |      219 |      219 |      203 |      203 | [1] C:\Program Files (x86)\Microsoft SDKs\UWPNuGetPackages\runtime.win10-arm64.microsoft.net.native.compiler\2.2.8-rel-28605-00\tools\ARM64\ilc\tools\link\link.exe /LIB /MACHINE:arm64 /DEF:""D:\GitHub\DIN\DAM-DIN\08Layouts\08LayoutsE4\obj\ARM64\Debug\ilc\intermediate\MDIL\api-ms-win-core-localization-l1-2-0.def"" /OUT:""D:\GitHub\DIN\DAM-DIN\08Layouts\08LayoutsE4\obj\ARM64\Debug\ilc\intermediate\MDIL\api-ms-win-core-localization-l1-2-0.lib"""
"Message",Normal,"     203 |      203 |      281 |      281 |       78 |       78 | [0] C:\Program Files (x86)\Microsoft SDKs\UWPNuGetPackages\runtime.win10-arm64.microsoft.net.native.compiler\2.2.8-rel-28605-00\tools\ARM64\ilc\tools\link\link.exe /LIB /MACHINE:arm64 /DEF:""D:\GitHub\DIN\DAM-DIN\08Layouts\08LayoutsE4\obj\ARM64\Debug\ilc\intermediate\MDIL\api-ms-win-core-winrt-l1-1-0.def"" /OUT:""D:\GitHub\DIN\DAM-DIN\08Layouts\08LayoutsE4\obj\ARM64\Debug\ilc\intermediate\MDIL\api-ms-win-core-winrt-l1-1-0.lib"""
"Message",Normal,"     219 |      234 |      297 |      297 |       63 |       78 | [1] C:\Program Files (x86)\Microsoft SDKs\UWPNuGetPackages\runtime.win10-arm64.microsoft.net.native.compiler\2.2.8-rel-28605-00\tools\ARM64\ilc\tools\link\link.exe /LIB /MACHINE:arm64 /DEF:""D:\GitHub\DIN\DAM-DIN\08Layouts\08LayoutsE4\obj\ARM64\Debug\ilc\intermediate\MDIL\api-ms-win-core-winrt-robuffer-l1-1-0.def"" /OUT:""D:\GitHub\DIN\DAM-DIN\08Layouts\08LayoutsE4\obj\ARM64\Debug\ilc\intermediate\MDIL\api-ms-win-core-winrt-robuffer-l1-1-0.lib"""
"Message",Normal,"     281 |      281 |      391 |      391 |      110 |      110 | [0] C:\Program Files (x86)\Microsoft SDKs\UWPNuGetPackages\runtime.win10-arm64.microsoft.net.native.compiler\2.2.8-rel-28605-00\tools\ARM64\ilc\tools\link\link.exe /LIB /MACHINE:arm64 /DEF:""D:\GitHub\DIN\DAM-DIN\08Layouts\08LayoutsE4\obj\ARM64\Debug\ilc\intermediate\MDIL\api-ms-win-core-winrt-string-l1-1-0.def"" /OUT:""D:\GitHub\DIN\DAM-DIN\08Layouts\08LayoutsE4\obj\ARM64\Debug\ilc\intermediate\MDIL\api-ms-win-core-winrt-string-l1-1-0.lib"""
"Message",Normal,"     297 |      297 |      406 |      406 |      109 |      109 | [1] C:\Program Files (x86)\Microsoft SDKs\UWPNuGetPackages\runtime.win10-arm64.microsoft.net.native.compiler\2.2.8-rel-28605-00\tools\ARM64\ilc\tools\link\link.exe /LIB /MACHINE:arm64 /DEF:""D:\GitHub\DIN\DAM-DIN\08Layouts\08LayoutsE4\obj\ARM64\Debug\ilc\intermediate\MDIL\OleAut32.def"" /OUT:""D:\GitHub\DIN\DAM-DIN\08Layouts\08LayoutsE4\obj\ARM64\Debug\ilc\intermediate\MDIL\OleAut32.lib"""
"Message",Normal,"Number of commands:      6"
"Message",Normal,"Total system time:       406 ms"
"Message",Normal,"System time per command: 67 ms"
"Message",Normal,"Total duration:          750 ms"
"Message",Normal,"Total lifetime:          781 ms"
"Message",Normal,"Requested DOP:           2"
"Message",Normal,"Duration DOP:            1,8"
"Message",Normal,"Lifetime DOP:            1,9"
"Message",Low,"Done executing task ""Lib""."
"Message",Low,"Done building target ""GenerateImportLibs"" in file ""Binder""."
"Message",Low,""
"Message",High,"Generating fixups for native code"
"Message",Low,"Task ""LINK"""
"Message",Normal,"Launching 'C:\Program Files (x86)\Microsoft SDKs\UWPNuGetPackages\runtime.win10-arm64.microsoft.net.native.compiler\2.2.8-rel-28605-00\tools\ARM64\ilc\tools\link\link.exe @""D:\GitHub\DIN\DAM-DIN\08Layouts\08LayoutsE4\obj\ARM64\Debug\ilc\intermediate\linkargs.08LayoutsE4.rsp""'"
"Message",Low,"08LayoutsE4.obj : warning LNK4104: export of symbol 'DllGetClassObject' should be PRIVATE"
"Message",Low,"   Creating library D:\GitHub\DIN\DAM-DIN\08Layouts\08LayoutsE4\obj\ARM64\Debug\ilc\intermediate\Native\08LayoutsE4.lib and object D:\GitHub\DIN\DAM-DIN\08Layouts\08LayoutsE4\obj\ARM64\Debug\ilc\intermediate\Native\08LayoutsE4.exp"
"Message",Normal,"'C:\Program Files (x86)\Microsoft SDKs\UWPNuGetPackages\runtime.win10-arm64.microsoft.net.native.compiler\2.2.8-rel-28605-00\tools\ARM64\ilc\tools\link\link.exe @""D:\GitHub\DIN\DAM-DIN\08Layouts\08LayoutsE4\obj\ARM64\Debug\ilc\intermediate\linkargs.08LayoutsE4.rsp""' completed."
"Message",Normal,"Process execution statistics (all times in milliseconds)"
"Message",Normal,"-----------------------------------------------------------------------------"
"Message",Normal,"launch  |  start   |   stop   |   end    | duration | lifetime | [slot] name"
"Message",Normal,"-----------------------------------------------------------------------------"
"Message",Normal,"       0 |        0 |      610 |      610 |      610 |      610 | [0] link 08LayoutsE4"
"Message",Normal,"Number of commands:      1"
"Message",Normal,"Total system time:       610 ms"
"Message",Normal,"System time per command: 610 ms"
"Message",Normal,"Total duration:          610 ms"
"Message",Normal,"Total lifetime:          610 ms"
"Message",Normal,"Requested DOP:           2"
"Message",Normal,"Duration DOP:            1,0"
"Message",Normal,"Lifetime DOP:            1,0"
"Message",Low,"Done executing task ""LINK""."
"Message",Low,"Task ""LINK"""
"Message",Normal,"Launching 'C:\Program Files (x86)\Microsoft SDKs\UWPNuGetPackages\runtime.win10-arm64.microsoft.net.native.compiler\2.2.8-rel-28605-00\tools\ARM64\ilc\tools\link\link.exe /out:""D:\GitHub\DIN\DAM-DIN\08Layouts\08LayoutsE4\obj\ARM64\Debug\ilc\intermediate\Native\08LayoutsE4.exe"" /entry:wmain /MACHINE:arm64 /subsystem:windows /appcontainer ""C:\Program Files (x86)\Microsoft SDKs\UWPNuGetPackages\runtime.win10-arm64.microsoft.net.native.compiler\2.2.8-rel-28605-00\tools\ARM64\ilc\Tools\shimExe.lib"" ""D:\GitHub\DIN\DAM-DIN\08Layouts\08LayoutsE4\obj\ARM64\Debug\ilc\intermediate\Native\08LayoutsE4.lib"" ""C:\Program Files (x86)\Microsoft SDKs\UWPNuGetPackages\runtime.win10-arm64.microsoft.net.native.compiler\2.2.8-rel-28605-00\tools\ARM64\ilc\tools\link\kernel32.lib"" ""@D:\GitHub\DIN\DAM-DIN\08Layouts\08LayoutsE4\obj\ARM64\Debug\ilc\intermediate\MDIL\shimExe.linkargs.rsp""'"
"Message",Low,"Microsoft (R) Incremental Linker Version 14.15.26727.0"
"Message",Low,"Copyright (C) Microsoft Corporation.  All rights reserved."
"Message",Low,"/stack:1048576 "
"Message",Low,"LINK : warning LNK4001: no object files specified; libraries used"
"Message",Normal,"'C:\Program Files (x86)\Microsoft SDKs\UWPNuGetPackages\runtime.win10-arm64.microsoft.net.native.compiler\2.2.8-rel-28605-00\tools\ARM64\ilc\tools\link\link.exe /out:""D:\GitHub\DIN\DAM-DIN\08Layouts\08LayoutsE4\obj\ARM64\Debug\ilc\intermediate\Native\08LayoutsE4.exe"" /entry:wmain /MACHINE:arm64 /subsystem:windows /appcontainer ""C:\Program Files (x86)\Microsoft SDKs\UWPNuGetPackages\runtime.win10-arm64.microsoft.net.native.compiler\2.2.8-rel-28605-00\tools\ARM64\ilc\Tools\shimExe.lib"" ""D:\GitHub\DIN\DAM-DIN\08Layouts\08LayoutsE4\obj\ARM64\Debug\ilc\intermediate\Native\08LayoutsE4.lib"" ""C:\Program Files (x86)\Microsoft SDKs\UWPNuGetPackages\runtime.win10-arm64.microsoft.net.native.compiler\2.2.8-rel-28605-00\tools\ARM64\ilc\tools\link\kernel32.lib"" ""@D:\GitHub\DIN\DAM-DIN\08Layouts\08LayoutsE4\obj\ARM64\Debug\ilc\intermediate\MDIL\shimExe.linkargs.rsp""' completed."
"Message",Normal,"Process execution statistics (all times in milliseconds)"
"Message",Normal,"-----------------------------------------------------------------------------"
"Message",Normal,"launch  |  start   |   stop   |   end    | duration | lifetime | [slot] name"
"Message",Normal,"-----------------------------------------------------------------------------"
"Message",Normal,"       0 |        0 |       78 |       78 |       78 |       78 | [0] C:\Program Files (x86)\Microsoft SDKs\UWPNuGetPackages\runtime.win10-arm64.microsoft.net.native.compiler\2.2.8-rel-28605-00\tools\ARM64\ilc\tools\link\link.exe /out:""D:\GitHub\DIN\DAM-DIN\08Layouts\08LayoutsE4\obj\ARM64\Debug\ilc\intermediate\Native\08LayoutsE4.exe"" /entry:wmain /MACHINE:arm64 /subsystem:windows /appcontainer ""C:\Program Files (x86)\Microsoft SDKs\UWPNuGetPackages\runtime.win10-arm64.microsoft.net.native.compiler\2.2.8-rel-28605-00\tools\ARM64\ilc\Tools\shimExe.lib"" ""D:\GitHub\DIN\DAM-DIN\08Layouts\08LayoutsE4\obj\ARM64\Debug\ilc\intermediate\Native\08LayoutsE4.lib"" ""C:\Program Files (x86)\Microsoft SDKs\UWPNuGetPackages\runtime.win10-arm64.microsoft.net.native.compiler\2.2.8-rel-28605-00\tools\ARM64\ilc\tools\link\kernel32.lib"" ""@D:\GitHub\DIN\DAM-DIN\08Layouts\08LayoutsE4\obj\ARM64\Debug\ilc\intermediate\MDIL\shimExe.linkargs.rsp"""
"Message",Normal,"Number of commands:      1"
"Message",Normal,"Total system time:       78 ms"
"Message",Normal,"System time per command: 78 ms"
"Message",Normal,"Total duration:          78 ms"
"Message",Normal,"Total lifetime:          78 ms"
"Message",Normal,"Requested DOP:           2"
"Message",Normal,"Duration DOP:            1,0"
"Message",Normal,"Lifetime DOP:            1,0"
"Message",Low,"Done executing task ""LINK""."
"Message",Low,"Done building target ""Link"" in file ""Binder""."
"Message",Low,"Done building project ""Binder""."
"Message",Low,""
"Message",Low,""
"Message",Low,"Done building target ""CopyNativeExecutablesToOutput"" in file ""Deployment""."
"Message",Low,""
"Message",Low,"Task ""TransformAppxManifest"""
"Message",Low,"Done executing task ""TransformAppxManifest""."
"Message",Low,"Done building target ""TransformAppxManifestAndAddCrt"" in file ""Deployment""."
"Message",Low,""
"Message",Low,"Done building target ""CopyPackageResourceFileInRetailBuild"" in file ""Deployment""."
"Message",Low,"Done building project ""Deployment""."
"Message",Low,"Compilation finished"
